Workbook

Sheet READ ME FIRST
A1: SHARED APP CONTROL CENTER
A4: What to do | B4: Go to the Quick Player Ratings tab and fill only the yellow cells.
A5: Time target | B5: Spend 15–20 minutes total. Use gut feel. Do not overthink exact numbers.
A6: Rating scale | B6: 1 = weakest in this group, 5 = average in this group, 10 = best in this group.
A7: Minimum if rushed | B7: Fill Overall Talent, Scoring, Defense, and Rebounding / Size first. Those are the most important.
A8: Optional but useful | B8: Shooting, Playmaking / Handle, Stamina, Confidence, and Friend Notes.
A9: Brad | B9: Mark Active? as Maybe or No if injury status is uncertain. Still rate his expected ability if he plays.
A10: Berler/Jason | B10: Use the Berler/Jason row as the combined rotating-sub slot for team ratings. Individual Berler and Jason rows can be used later for player props.
A11: Do not edit | B11: Green cells are formulas. Leave them alone.
A13: Brad status | B13: Set App Config!B2 to TRUE or FALSE. The app uses this as the shared scenario.
A14: Before each game | B14: Set Schedule & Results status and Betting Locked?; use FINAL only after scores and box scores are checked.
A15: Official scores | B15: Enter team scores in Schedule & Results, then mark Final? TRUE.
A16: Official box scores | B16: In Box Scores, use the active scenario rows, mark Played? TRUE, and enter PTS/REB/AST/3PM.
... A19: Yellow cells | B19: Organizer/scorekeeper inputs. Dark headers and calculated cells should not be edited.

Sheet App Config
A1: Key | B1: Value | C1: Description | D1: Who edits this
A2: BRAD_PLAYS | B2: FALSE | C2: FALSE uses Brad Out rosters; TRUE uses Brad Plays rosters. | D2: Organizer
A3: BETTING_OPEN | B3: TRUE | C3: Set FALSE to stop new centralized bets. | D3: Organizer
A4: EVENT_ID | B4: bachelor-basketball-2026 | C4: Stable identifier stored on every ticket. | D4: Leave unchanged
A5: MODEL_VERSION | B5: 2 | C5: Increment after materially changing ratings or pricing assumptions. | D5: Organizer
A6: STARTING_UNITS | B6: 100 | C6: Starting bankroll for each participant. | D6: Leave unchanged
A7: APPS_SCRIPT_URL | C7: Paste the deployed Google Apps Script /exec URL here. | D7: Organizer setup
A8: AUTO_REFRESH_SECONDS | B8: 30 | C8: How often the app checks for shared results and leaderboard changes. | D8: Organizer
A9: TEAM_A_NAME | B9: Team A | C9: Central display name used throughout the Sheet and website. | D9: Organizer
A10: TEAM_B_NAME | B10: Team B | C10: Central display name used throughout the Sheet and website. | D10: Organizer
A11: TEAM_C_NAME | B11: Team C | C11: Central display name used throughout the Sheet and website. | D11: Organizer
A12: STRAIGHT_VIG | B12: 0.06 | C12: Straight-market overround used for game lines and player props. | D12: Organizer
A13: PARLAY_BASE_VIG | B13: 0.08 | C13: Base parlay margin applied after joint simulation pricing. | D13: Organizer
A14: REBOUND_LINE_QUANTILE | B14: 0.56 | C14: Conservative rebound line percentile. | D14: Organizer
A15: ASSIST_LINE_QUANTILE | B15: 0.58 | C15: Conservative assist line percentile. | D15: Organizer
A16: THREES_LINE_QUANTILE | B16: 0.56 | C16: Conservative made-three line percentile. | D16: Organizer
A17: COMBO_LINE_QUANTILE | B17: 0.55 | C17: Conservative combo-prop line percentile. | D17: Organizer
A18: THREE_POINT_RATE_MIN | B18: 0.22 | C18: Minimum amateur pickup three-point attempt rate. | D18: Organizer
A19: THREE_POINT_RATE_MAX | B19: 0.55 | C19: Maximum amateur pickup three-point attempt rate. | D19: Organizer
A20: ASSIST_BASE_RATE | B20: 0.4 | C20: Base chance that a made basket receives an assist. | D20: Organizer
A21: ASSIST_PLAYMAKING_SLOPE | B21: 0.04 | C21: Assist-rate increase per playmaking rating point. | D21: Organizer
A22: OFFENSIVE_REBOUND_BASE_RATE | B22: 0.28 | C22: Base chance a miss becomes an offensive rebound. | D22: Organizer

Sheet Quick Player Ratings
A1: NORMALIZED RATINGS — yellow skill cells are centered so this group's average is 5. | M1: Calculated model outputs — do not edit
A2: Player | B2: Active? | C2: Notes | D2: Overall Talent | E2: Scoring | F2: Shooting | G2: Playmaking / Handle | H2: Defense | I2: Rebounding / Size | J2: Stamina | K2: Confidence | L2: Friend Notes | M2: Model Overall | N2: Model Offense | O2: Model Defense | P2: Prop Usage | Q2: Volatility
A3: Alex | B3: Yes | D3: =AVERAGE(E3:J3) | E3: 7 | F3: 6 | G3: 6.5 | H3: 7 | I3: 8 | J3: 6 | K3: Low | M3: =IFERROR((D3*0.35)+(E3*0.2)+(F3*0.1)+(G3*0.1)+(H3*0.15)+(I3*0.07)+(J3*0.03),"") | N3: =IFERROR((E3*0.45)+(F3*0.25)+(G3*0.2)+(D3*0.1),"") | O3: =IFERROR((H3*0.6)+(I3*0.25)+(J3*0.15),"") | P3: =IFERROR((E3+G3)/20,"") | Q3: =IFERROR(IF(K3="High",0.8,IF(K3="Medium",1,IF(K3="Low",1.25,1))),"")
A4: Peter | B4: Yes | D4: =AVERAGE(E4:J4) | E4: 6 | F4: 6 | G4: 8.5 | H4: 3 | I4: 4 | J4: 4 | K4: High | M4: =IFERROR((D4*0.35)+(E4*0.2)+(F4*0.1)+(G4*0.1)+(H4*0.15)+(I4*0.07)+(J4*0.03),"") | N4: =IFERROR((E4*0.45)+(F4*0.25)+(G4*0.2)+(D4*0.1),"") | O4: =IFERROR((H4*0.6)+(I4*0.25)+(J4*0.15),"") | P4: =IFERROR((E4+G4)/20,"") | Q4: =IFERROR(IF(K4="High",0.8,IF(K4="Medium",1,IF(K4="Low",1.25,1))),"")
A5: Andrew | B5: Yes | D5: =AVERAGE(E5:J5) | E5: 3 | F5: 3 | G5: 3.5 | H5: 5 | I5: 5 | J5: 4 | K5: Low | M5: =IFERROR((D5*0.35)+(E5*0.2)+(F5*0.1)+(G5*0.1)+(H5*0.15)+(I5*0.07)+(J5*0.03),"") | N5: =IFERROR((E5*0.45)+(F5*0.25)+(G5*0.2)+(D5*0.1),"") | O5: =IFERROR((H5*0.6)+(I5*0.25)+(J5*0.15),"") | P5: =IFERROR((E5+G5)/20,"") | Q5: =IFERROR(IF(K5="High",0.8,IF(K5="Medium",1,IF(K5="Low",1.25,1))),"")
A6: Jason | B6: Yes | D6: =AVERAGE(E6:J6) | E6: 1 | F6: 1 | G6: 1.5 | H6: 2 | I6: 3 | J6: 3 | K6: Low | M6: =IFERROR((D6*0.35)+(E6*0.2)+(F6*0.1)+(G6*0.1)+(H6*0.15)+(I6*0.07)+(J6*0.03),"") | N6: =IFERROR((E6*0.45)+(F6*0.25)+(G6*0.2)+(D6*0.1),"") | O6: =IFERROR((H6*0.6)+(I6*0.25)+(J6*0.15),"") | P6: =IFERROR((E6+G6)/20,"") | Q6: =IFERROR(IF(K6="High",0.8,IF(K6="Medium",1,IF(K6="Low",1.25,1))),"")
A7: Eric | B7: Yes | D7: =AVERAGE(E7:J7) | E7: 7 | F7: 7 | G7: 6.5 | H7: 6 | I7: 5 | J7: 5 | K7: High | L7: High upside scorer, came off a 20 ppg season and won the championship | M7: =IFERROR((D7*0.35)+(E7*0.2)+(F7*0.1)+(G7*0.1)+(H7*0.15)+(I7*0.07)+(J7*0.03),"") | N7: =IFERROR((E7*0.45)+(F7*0.25)+(G7*0.2)+(D7*0.1),"") | O7: =IFERROR((H7*0.6)+(I7*0.25)+(J7*0.15),"") | P7: =IFERROR((E7+G7)/20,"") | Q7: =IFERROR(IF(K7="High",0.8,IF(K7="Medium",1,IF(K7="Low",1.25,1))),"")
A8: Josh | B8: Yes | D8: =AVERAGE(E8:J8) | E8: 5 | F8: 5 | G8: 3.5 | H8: 6 | I8: 4 | J8: 5 | K8: Low | M8: =IFERROR((D8*0.35)+(E8*0.2)+(F8*0.1)+(G8*0.1)+(H8*0.15)+(I8*0.07)+(J8*0.03),"") | N8: =IFERROR((E8*0.45)+(F8*0.25)+(G8*0.2)+(D8*0.1),"") | O8: =IFERROR((H8*0.6)+(I8*0.25)+(J8*0.15),"") | P8: =IFERROR((E8+G8)/20,"") | Q8: =IFERROR(IF(K8="High",0.8,IF(K8="Medium",1,IF(K8="Low",1.25,1))),"")
A9: Zak | B9: Yes | D9: =AVERAGE(E9:J9) | E9: 5 | F9: 5 | G9: 6.5 | H9: 6 | I9: 5 | J9: 7 | K9: Low | M9: =IFERROR((D9*0.35)+(E9*0.2)+(F9*0.1)+(G9*0.1)+(H9*0.15)+(I9*0.07)+(J9*0.03),"") | N9: =IFERROR((E9*0.45)+(F9*0.25)+(G9*0.2)+(D9*0.1),"") | O9: =IFERROR((H9*0.6)+(I9*0.25)+(J9*0.15),"") | P9: =IFERROR((E9+G9)/20,"") | Q9: =IFERROR(IF(K9="High",0.8,IF(K9="Medium",1,IF(K9="Low",1.25,1))),"")
A10: James | B10: Yes | D10: =AVERAGE(E10:J10) | E10: 1 | F10: 5 | G10: 1.5 | H10: 3 | I10: 7 | J10: 6 | K10: Low | M10: =IFERROR((D10*0.35)+(E10*0.2)+(F10*0.1)+(G10*0.1)+(H10*0.15)+(I10*0.07)+(J10*0.03),"") | N10: =IFERROR((E10*0.45)+(F10*0.25)+(G10*0.2)+(D10*0.1),"") | O10: =IFERROR((H10*0.6)+(I10*0.25)+(J10*0.15),"") | P10: =IFERROR((E10+G10)/20,"") | Q10: =IFERROR(IF(K10="High",0.8,IF(K10="Medium",1,IF(K10="Low",1.25,1))),"")
A11: Emil | B11: Yes | D11: =AVERAGE(E11:J11) | E11: 7 | F11: 7 | G11: 5.5 | H11: 7 | I11: 7 | J11: 5 | K11: High | M11: =IFERROR((D11*0.35)+(E11*0.2)+(F11*0.1)+(G11*0.1)+(H11*0.15)+(I11*0.07)+(J11*0.03),"") | N11: =IFERROR((E11*0.45)+(F11*0.25)+(G11*0.2)+(D11*0.1),"") | O11: =IFERROR((H11*0.6)+(I11*0.25)+(J11*0.15),"") | P11: =IFERROR((E11+G11)/20,"") | Q11: =IFERROR(IF(K11="High",0.8,IF(K11="Medium",1,IF(K11="Low",1.25,1))),"")
A12: Darryl | B12: Yes | D12: =AVERAGE(E12:J12) | E12: 7 | F12: 5 | G12: 4.5 | H12: 6 | I12: 5 | J12: 2 | K12: Low | M12: =IFERROR((D12*0.35)+(E12*0.2)+(F12*0.1)+(G12*0.1)+(H12*0.15)+(I12*0.07)+(J12*0.03),"") | N12: =IFERROR((E12*0.45)+(F12*0.25)+(G12*0.2)+(D12*0.1),"") | O12: =IFERROR((H12*0.6)+(I12*0.25)+(J12*0.15),"") | P12: =IFERROR((E12+G12)/20,"") | Q12: =IFERROR(IF(K12="High",0.8,IF(K12="Medium",1,IF(K12="Low",1.25,1))),"")
A13: Berler | B13: Yes | D13: =AVERAGE(E13:J13) | E13: 3 | F13: 3 | G13: 3.5 | H13: 5 | I13: 5 | J13: 5 | K13: Low | M13: =IFERROR((D13*0.35)+(E13*0.2)+(F13*0.1)+(G13*0.1)+(H13*0.15)+(I13*0.07)+(J13*0.03),"") | N13: =IFERROR((E13*0.45)+(F13*0.25)+(G13*0.2)+(D13*0.1),"") | O13: =IFERROR((H13*0.6)+(I13*0.25)+(J13*0.15),"") | P13: =IFERROR((E13+G13)/20,"") | Q13: =IFERROR(IF(K13="High",0.8,IF(K13="Medium",1,IF(K13="Low",1.25,1))),"")
A14: Alan | B14: Yes | D14: =AVERAGE(E14:J14) | E14: 5 | F14: 4 | G14: 4.5 | H14: 4 | I14: 3 | J14: 7 | K14: High | M14: =IFERROR((D14*0.35)+(E14*0.2)+(F14*0.1)+(G14*0.1)+(H14*0.15)+(I14*0.07)+(J14*0.03),"") | N14: =IFERROR((E14*0.45)+(F14*0.25)+(G14*0.2)+(D14*0.1),"") | O14: =IFERROR((H14*0.6)+(I14*0.25)+(J14*0.15),"") | P14: =IFERROR((E14+G14)/20,"") | Q14: =IFERROR(IF(K14="High",0.8,IF(K14="Medium",1,IF(K14="Low",1.25,1))),"")
A15: Brad | B15: Maybe | C15: Injury-dependent; rate expected ability if he plays. Coming off a stress fracture so he's RUSTY. | D15: =AVERAGE(E15:J15) | E15: 6 | F15: 7 | G15: 6.5 | H15: 4 | I15: 3 | J15: 3 | K15: Medium | M15: =IFERROR((D15*0.35)+(E15*0.2)+(F15*0.1)+(G15*0.1)+(H15*0.15)+(I15*0.07)+(J15*0.03),"") | N15: =IFERROR((E15*0.45)+(F15*0.25)+(G15*0.2)+(D15*0.1),"") | O15: =IFERROR((H15*0.6)+(I15*0.25)+(J15*0.15),"") | P15: =IFERROR((E15+G15)/20,"") | Q15: =IFERROR(IF(K15="High",0.8,IF(K15="Medium",1,IF(K15="Low",1.25,1))),"")

Sheet Rating Normalization
A1: Player | B1: Category | C1: Original | D1: Category Original Mean | E1: Normalized | F1: Change | G1: Method
A2: Alex | B2: Scoring | C2: 9 | D2: 6.846 | E2: 7 | F2: -2 | G2: Original relative gaps preserved; category mean shifted to 5 and rounded to 0.5.
A3: Alex | B3: Shooting | C3: 8 | D3: 6.923 | E3: 6 | F3: -2 | G3: Original relative gaps preserved; category mean shifted to 5 and rounded to 0.5.
A4: Alex | B4: Playmaking / Handle | C4: 8 | D4: 6.308 | E4: 6.5 | F4: -1.5 | G4: Original relative gaps preserved; category mean shifted to 5 and rounded to 0.5.
A5: Alex | B5: Defense | C5: 9 | D5: 6.923 | E5: 7 | F5: -2 | G5: Original relative gaps preserved; category mean shifted to 5 and rounded to 0.5.
A6: Alex | B6: Rebounding / Size | C6: 10 | D6: 6.923 | E6: 8 | F6: -2 | G6: Original relative gaps preserved; category mean shifted to 5 and rounded to 0.5.
A7: Alex | B7: Stamina | C7: 9 | D7: 7.769 | E7: 6 | F7: -3 | G7: Original relative gaps preserved; category mean shifted to 5 and rounded to 0.5.
A8: Peter | B8: Scoring | C8: 8 | D8: 6.846 | E8: 6 | F8: -2 | G8: Original relative gaps preserved; category mean shifted to 5 and rounded to 0.5.
A9: Peter | B9: Shooting | C9: 8 | D9: 6.923 | E9: 6 | F9: -2 | G9: Original relative gaps preserved; category mean shifted to 5 and rounded to 0.5.
A10: Peter | B10: Playmaking / Handle | C10: 10 | D10: 6.308 | E10: 8.5 | F10: -1.5 | G10: Original relative gaps preserved; category mean shifted to 5 and rounded to 0.5.
A11: Peter | B11: Defense | C11: 5 | D11: 6.923 | E11: 3 | F11: -2 | G11: Original relative gaps preserved; category mean shifted to 5 and rounded to 0.5.
A12: Peter | B12: Rebounding / Size | C12: 6 | D12: 6.923 | E12: 4 | F12: -2 | G12: Original relative gaps preserved; category mean shifted to 5 and rounded to 0.5.
A13: Peter | B13: Stamina | C13: 7 | D13: 7.769 | E13: 4 | F13: -3 | G13: Original relative gaps preserved; category mean shifted to 5 and rounded to 0.5.
... A79: Brad | B79: Stamina | C79: 6 | D79: 7.769 | E79: 3 | F79: -3 | G79: Original relative gaps preserved; category mean shifted to 5 and rounded to 0.5.

Sheet Team Assignments
A1: Scenario | B1: Team | C1: Slot | D1: Player | E1: Active? | F1: Notes
A2: Brad Out | B2: Team A | C2: 1 | D2: Alex | E2: Yes
A3: Brad Out | B3: Team A | C3: 2 | D3: Peter | E3: Yes
A4: Brad Out | B4: Team A | C4: 3 | D4: Andrew | E4: Yes
A5: Brad Out | B5: Team A | C5: 4 | D5: Jason | E5: Yes
A6: Brad Out | B6: Team B | C6: 1 | D6: Eric | E6: Yes
A7: Brad Out | B7: Team B | C7: 2 | D7: Josh | E7: Yes
A8: Brad Out | B8: Team B | C8: 3 | D8: Zak | E8: Yes
A9: Brad Out | B9: Team B | C9: 4 | D9: James | E9: Yes
A10: Brad Out | B10: Team C | C10: 1 | D10: Emil | E10: Yes
A11: Brad Out | B11: Team C | C11: 2 | D11: Darryl | E11: Yes
A12: Brad Out | B12: Team C | C12: 3 | D12: Berler | E12: Yes
A13: Brad Out | B13: Team C | C13: 4 | D13: Alan | E13: Yes
... A16: Brad Plays | B16: Team A | C16: 3 | D16: Josh | E16: Yes
A17: Brad Plays | B17: Team A | C17: 4 | D17: Berler/Jason | E17: Yes | F17: Shared sub slot: Berler and Jason rotate
A18: Brad Plays | B18: Team B | C18: 1 | D18: Eric | E18: Yes
A19: Brad Plays | B19: Team B | C19: 2 | D19: Zak | E19: Yes
A20: Brad Plays | B20: Team B | C20: 3 | D20: Brad | E20: Yes
A21: Brad Plays | B21: Team B | C21: 4 | D21: James | E21: Yes
A22: Brad Plays | B22: Team C | C22: 1 | D22: Emil | E22: Yes
A23: Brad Plays | B23: Team C | C23: 2 | D23: Darryl | E23: Yes
A24: Brad Plays | B24: Team C | C24: 3 | D24: Alan | E24: Yes
A25: Brad Plays | B25: Team C | C25: 4 | D25: Andrew | E25: Yes

Sheet Team Ratings
A1: Scenario | B1: Team | C1: Players | D1: Avg Overall | E1: Avg Offense | F1: Avg Defense | G1: Avg Rebounding | H1: Avg Stamina | I1: Team Rating | J1: Suggested Spread vs Scenario Avg
A2: Brad Out | B2: Team A | C2: Alex, Peter, Andrew, Jason | D2: 4.4583333 | E2: 4.3583333 | F2: 4.4375 | G2: 5 | H2: 4.25 | I2: 4.4608333 | J2: -1.0444444
A3: Brad Out | B3: Team B | C3: Eric, Josh, Zak, James | D3: 5.125 | E3: 4.8125 | F3: 5.325 | G3: 5.25 | H3: 5.75 | I3: 5.114375 | J3: 0.58940972
A4: Brad Out | B4: Team C | C4: Emil, Darryl, Berler, Alan | D4: 5 | E4: 5.0625 | F4: 5.2625 | G4: 5 | H4: 4.75 | I4: 5.060625 | J4: 0.45503472
A5: Brad Plays | B5: Team A | C5: Alex, Peter, Josh, Berler (50%), Jason (50%) | D5: 4.9375 | E5: 4.98125 | F5: 4.8875 | G5: 5 | H5: 4.75 | I5: 4.9371875 | J5: -0.21875
A6: Brad Plays | B6: Team B | C6: Eric, Zak, Brad, James | D6: 5.1666667 | E6: 5.2041667 | F6: 4.8875 | G6: 5 | H6: 5.25 | I6: 5.1110417 | J6: 0.21588542
A7: Brad Plays | B7: Team C | C7: Emil, Darryl, Alan, Andrew | D7: 4.9583333 | E7: 5.0583333 | F7: 5.225 | G7: 5 | H7: 4.5 | I7: 5.0258333 | J7: 0.0028645833

Sheet Schedule & Results
A1: Game ID | B1: Game # | C1: Team 1 | D1: Team 2 | E1: Bye | F1: Status | G1: Team 1 Score | H1: Team 2 Score | I1: Final? | J1: Betting Locked? | K1: Updated At | L1: Team 1 Box Points | M1: Team 2 Box Points | N1: Reconciliation | O1: Game Type | P1: Team 1 ID | Q1: Team 2 ID | R1: Bye ID | S1: Counts Toward Standings? | T1: Betting Enabled?
A2: game-1 | B2: 1 | C2: Team A | D2: Team B | E2: Team C | F2: UPCOMING | I2: FALSE | J2: FALSE | L2: =SUMIFS('Box Scores'!$G:$G,'Box Scores'!$A:$A,$A2,'Box Scores'!$B:$B,IF('App Config'!$B$2,"Brad Plays","Brad Out"),'Box Scores'!$E:$E,$C2,'Box Scores'!$F:$F,TRUE) | M2: =SUMIFS('Box Scores'!$G:$G,'Box Scores'!$A:$A,$A2,'Box Scores'!$B:$B,IF('App Config'!$B$2,"Brad Plays","Brad Out"),'Box Scores'!$E:$E,$D2,'Box Scores'!$F:$F,TRUE) | N2: =IF(NOT($I2),"PENDING",IF(AND($G2=$L2,$H2=$M2),"OK","CHECK PLAYER POINTS")) | O2: TOURNAMENT | P2: Team A | Q2: Team B | R2: Team C
A3: game-2 | B3: 2 | C3: Team B | D3: Team C | E3: Team A | F3: UPCOMING | I3: FALSE | J3: FALSE | L3: =SUMIFS('Box Scores'!$G:$G,'Box Scores'!$A:$A,$A3,'Box Scores'!$B:$B,IF('App Config'!$B$2,"Brad Plays","Brad Out"),'Box Scores'!$E:$E,$C3,'Box Scores'!$F:$F,TRUE) | M3: =SUMIFS('Box Scores'!$G:$G,'Box Scores'!$A:$A,$A3,'Box Scores'!$B:$B,IF('App Config'!$B$2,"Brad Plays","Brad Out"),'Box Scores'!$E:$E,$D3,'Box Scores'!$F:$F,TRUE) | N3: =IF(NOT($I3),"PENDING",IF(AND($G3=$L3,$H3=$M3),"OK","CHECK PLAYER POINTS")) | O3: TOURNAMENT | P3: Team B | Q3: Team C | R3: Team A
A4: game-3 | B4: 3 | C4: Team C | D4: Team A | E4: Team B | F4: UPCOMING | I4: FALSE | J4: FALSE | L4: =SUMIFS('Box Scores'!$G:$G,'Box Scores'!$A:$A,$A4,'Box Scores'!$B:$B,IF('App Config'!$B$2,"Brad Plays","Brad Out"),'Box Scores'!$E:$E,$C4,'Box Scores'!$F:$F,TRUE) | M4: =SUMIFS('Box Scores'!$G:$G,'Box Scores'!$A:$A,$A4,'Box Scores'!$B:$B,IF('App Config'!$B$2,"Brad Plays","Brad Out"),'Box Scores'!$E:$E,$D4,'Box Scores'!$F:$F,TRUE) | N4: =IF(NOT($I4),"PENDING",IF(AND($G4=$L4,$H4=$M4),"OK","CHECK PLAYER POINTS")) | O4: TOURNAMENT | P4: Team C | Q4: Team A | R4: Team B

Sheet Box Scores
A1: Game ID | B1: Scenario | C1: Player ID | D1: Player | E1: Team | F1: Played? | G1: Points | H1: Rebounds | I1: Assists | J1: Three Pointers | K1: PRA | L1: Scorekeeper Notes
A2: game-1 | B2: Brad Out | C2: alex | D2: Alex | E2: Team A | F2: FALSE | K2: =IF(F2,SUM(G2:I2),"")
A3: game-1 | B3: Brad Out | C3: peter | D3: Peter | E3: Team A | F3: FALSE | K3: =IF(F3,SUM(G3:I3),"")
A4: game-1 | B4: Brad Out | C4: andrew | D4: Andrew | E4: Team A | F4: FALSE | K4: =IF(F4,SUM(G4:I4),"")
A5: game-1 | B5: Brad Out | C5: jason | D5: Jason | E5: Team A | F5: FALSE | K5: =IF(F5,SUM(G5:I5),"")
A6: game-1 | B6: Brad Out | C6: eric | D6: Eric | E6: Team B | F6: FALSE | K6: =IF(F6,SUM(G6:I6),"")
A7: game-1 | B7: Brad Out | C7: josh | D7: Josh | E7: Team B | F7: FALSE | K7: =IF(F7,SUM(G7:I7),"")
A8: game-1 | B8: Brad Out | C8: zak | D8: Zak | E8: Team B | F8: FALSE | K8: =IF(F8,SUM(G8:I8),"")
A9: game-1 | B9: Brad Out | C9: james | D9: James | E9: Team B | F9: FALSE | K9: =IF(F9,SUM(G9:I9),"")
A10: game-2 | B10: Brad Out | C10: eric | D10: Eric | E10: Team B | F10: FALSE | K10: =IF(F10,SUM(G10:I10),"")
A11: game-2 | B11: Brad Out | C11: josh | D11: Josh | E11: Team B | F11: FALSE | K11: =IF(F11,SUM(G11:I11),"")
A12: game-2 | B12: Brad Out | C12: zak | D12: Zak | E12: Team B | F12: FALSE | K12: =IF(F12,SUM(G12:I12),"")
A13: game-2 | B13: Brad Out | C13: james | D13: James | E13: Team B | F13: FALSE | K13: =IF(F13,SUM(G13:I13),"")
... A28: game-1 | B28: Brad Plays | C28: josh | D28: Josh | E28: Team A | F28: FALSE | K28: =IF(F28,SUM(G28:I28),"")
A29: game-1 | B29: Brad Plays | C29: berler | D29: Berler | E29: Team A | F29: FALSE | K29: =IF(F29,SUM(G29:I29),"") | L29: Shared sub slot
A30: game-1 | B30: Brad Plays | C30: jason | D30: Jason | E30: Team A | F30: FALSE | K30: =IF(F30,SUM(G30:I30),"") | L30: Shared sub slot
A31: game-1 | B31: Brad Plays | C31: eric | D31: Eric | E31: Team B | F31: FALSE | K31: =IF(F31,SUM(G31:I31),"")
A32: game-1 | B32: Brad Plays | C32: zak | D32: Zak | E32: Team B | F32: FALSE | K32: =IF(F32,SUM(G32:I32),"")
A33: game-1 | B33: Brad Plays | C33: brad | D33: Brad | E33: Team B | F33: FALSE | K33: =IF(F33,SUM(G33:I33),"")
A34: game-1 | B34: Brad Plays | C34: james | D34: James | E34: Team B | F34: FALSE | K34: =IF(F34,SUM(G34:I34),"")
A35: game-2 | B35: Brad Plays | C35: eric | D35: Eric | E35: Team B | F35: FALSE | K35: =IF(F35,SUM(G35:I35),"")
A36: game-2 | B36: Brad Plays | C36: zak | D36: Zak | E36: Team B | F36: FALSE | K36: =IF(F36,SUM(G36:I36),"")
A37: game-2 | B37: Brad Plays | C37: brad | D37: Brad | E37: Team B | F37: FALSE | K37: =IF(F37,SUM(G37:I37),"")
A38: game-2 | B38: Brad Plays | C38: james | D38: James | E38: Team B | F38: FALSE | K38: =IF(F38,SUM(G38:I38),"")
A39: game-2 | B39: Brad Plays | C39: emil | D39: Emil | E39: Team C | F39: FALSE | K39: =IF(F39,SUM(G39:I39),"")
A40: game-2 | B40: Brad Plays | C40: darryl | D40: Darryl | E40: Team C | F40: FALSE | K40: =IF(F40,SUM(G40:I40),"")
A41: game-2 | B41: Brad Plays | C41: alan | D41: Alan | E41: Team C | F41: FALSE | K41: =IF(F41,SUM(G41:I41),"")
A42: game-2 | B42: Brad Plays | C42: andrew | D42: Andrew | E42: Team C | F42: FALSE | K42: =IF(F42,SUM(G42:I42),"")
... A45: game-3 | B45: Brad Plays | C45: josh | D45: Josh | E45: Team A | F45: FALSE | K45: =IF(F45,SUM(G45:I45),"")
A46: game-3 | B46: Brad Plays | C46: berler | D46: Berler | E46: Team A | F46: FALSE | K46: =IF(F46,SUM(G46:I46),"") | L46: Shared sub slot
A47: game-3 | B47: Brad Plays | C47: jason | D47: Jason | E47: Team A | F47: FALSE | K47: =IF(F47,SUM(G47:I47),"") | L47: Shared sub slot
A48: game-3 | B48: Brad Plays | C48: emil | D48: Emil | E48: Team C | F48: FALSE | K48: =IF(F48,SUM(G48:I48),"")
A49: game-3 | B49: Brad Plays | C49: darryl | D49: Darryl | E49: Team C | F49: FALSE | K49: =IF(F49,SUM(G49:I49),"")
A50: game-3 | B50: Brad Plays | C50: alan | D50: Alan | E50: Team C | F50: FALSE | K50: =IF(F50,SUM(G50:I50),"")
A51: game-3 | B51: Brad Plays | C51: andrew | D51: Andrew | E51: Team C | F51: FALSE | K51: =IF(F51,SUM(G51:I51),"")

Sheet Participants
A1: Bettor | B1: Active? | C1: Starting Units | D1: Notes
B2: TRUE | C2: 100
B3: TRUE | C3: 100
B4: TRUE | C4: 100
B5: TRUE | C5: 100
B6: TRUE | C6: 100
B7: TRUE | C7: 100
B8: TRUE | C8: 100
B9: TRUE | C9: 100
B10: TRUE | C10: 100
B11: TRUE | C11: 100
B12: TRUE | C12: 100
B13: TRUE | C13: 100
... B21: TRUE | C21: 100

Sheet Bets
A1: Bet ID | B1: Submitted At | C1: Bettor | D1: Stake | E1: Decimal Odds | F1: American Odds | G1: Potential Return | H1: Scenario | I1: Status | J1: Settled Return | K1: Profit | L1: Model Version | M1: Event ID

Sheet Bet Legs
A1: Bet ID | B1: Leg # | C1: Game ID | D1: Kind | E1: Subject | F1: Player ID | G1: Team | H1: Stat | I1: Side | J1: Line | K1: Label | L1: Leg Decimal Odds | M1: Grade

Sheet Betting Leaderboard
A1: Bettor | B1: Tickets | C1: Total Staked | D1: Settled Return | E1: Profit | F1: Units Available
A2: =IFERROR(QUERY({Bets!C2:C,Bets!D2:D,Bets!J2:J,Bets!K2:K},"select Col1,count(Col1),sum(Col2),sum(Col3),sum(Col4) where Col1 is not null group by Col1 order by sum(Col4) desc label Col1 'Bettor',count(Col1) 'Tickets',sum(Col2) 'Total Staked',sum(Col3) 'Settled Return',sum(Col4) 'Profit'",0),"") | F2: =ARRAYFORMULA(IF(A2:A="","",100-C2:C+D2:D))

Sheet Player Leaderboard
A1: Player | B1: Games | C1: Points | D1: Rebounds | E1: Assists | F1: Three Pointers | G1: PRA
A2: =IFERROR(QUERY('Box Scores'!A2:K,"select D,count(D),sum(G),sum(H),sum(I),sum(J),sum(K) where F = TRUE and B = '"&IF('App Config'!B2,"Brad Plays","Brad Out")&"' group by D order by sum(K) desc label D 'Player',count(D) 'Games',sum(G) 'Points',sum(H) 'Rebounds',sum(I) 'Assists',sum(J) 'Three Pointers',sum(K) 'PRA'",0),"")

Sheet Game Rosters
A1: Game ID | B1: Roster Configuration | C1: Team ID | D1: Player | E1: Rotation Share | F1: Active? | G1: Notes
